Routes,
List of links…,
L_00_10,L_10_11
L_11_01,L_01_02
L_02_12,L_12_11
L_02_01
L_11_21,L_21_31,L_31_32,L_32_33
L_32_22,L_22_12,L_12_11
L_11_12,L_12_13
L_02_12,L_12_11,L_11_10
L_33_23
L_10_11
L_23_13,L_13_12,L_12_11
L_00_10
L_01_11
L_02_12
L_03_13
L_30_20
L_32_22,L_22_21
L_31_21,L_21_22
L_33_23
L_10_20,L_20_21
L_11_21
L_12_22,L_22_21
L_13_23,L_23_22,L_22_21
L_20_10,L_10_11,L_11_12
L_21_11,L_11_12
L_22_12
L_23_13,L_13_12
L_21_22
L_12_22
L_22_12,L_12_02,L_02_01
L_00_01
L_03_02,L_02_01
L_01_02
L_03_13,L_13_23,L_23_33,L_33_32,L_32_31
L_20_30,L_30_31
L_31_30
L_32_31
L_31_21,L_21_11,L_11_12,L_12_13
